value,value_classification,time_until_update,date
34,Fear,51122,2024-08-04
37,Fear,,2024-08-03
57,Greed,,2024-08-02
52,Neutral,,2024-08-01
61,Greed,,2024-07-31
67,Greed,,2024-07-30
74,Greed,,2024-07-29
71,Greed,,2024-07-28
72,Greed,,2024-07-27
68,Greed,,2024-07-26
68,Greed,,2024-07-25
69,Greed,,2024-07-24
71,Greed,,2024-07-23
70,Greed,,2024-07-22
74,Greed,,2024-07-21
74,Greed,,2024-07-20
60,Greed,,2024-07-19
61,Greed,,2024-07-18
69,Greed,,2024-07-17
65,Greed,,2024-07-16
52,Neutral,,2024-07-15
33,Fear,,2024-07-14
25,Extreme Fear,,2024-07-13
25,Extreme Fear,,2024-07-12
29,Fear,,2024-07-11
28,Fear,,2024-07-10
27,Fear,,2024-07-09
28,Fear,,2024-07-08
29,Fear,,2024-07-07
26,Fear,,2024-07-06
29,Fear,,2024-07-05
44,Fear,,2024-07-04
50,Neutral,,2024-07-03
51,Neutral,,2024-07-02
53,Neutral,,2024-07-01
47,Neutral,,2024-06-30
30,Fear,,2024-06-29
47,Neutral,,2024-06-28
40,Fear,,2024-06-27
46,Fear,,2024-06-26
30,Fear,,2024-06-25
51,Neutral,,2024-06-24
55,Greed,,2024-06-23
53,Neutral,,2024-06-22
63,Greed,,2024-06-21
60,Greed,,2024-06-20
64,Greed,,2024-06-19
74,Greed,,2024-06-18
71,Greed,,2024-06-17
71,Greed,,2024-06-16
74,Greed,,2024-06-15
74,Greed,,2024-06-14
70,Greed,,2024-06-13
72,Greed,,2024-06-12
74,Greed,,2024-06-11
72,Greed,,2024-06-10
75,Greed,,2024-06-09
72,Greed,,2024-06-08
77,Extreme Greed,,2024-06-07
78,Extreme Greed,,2024-06-06
75,Greed,,2024-06-05
73,Greed,,2024-06-04
73,Greed,,2024-06-03
73,Greed,,2024-06-02
72,Greed,,2024-06-01
73,Greed,,2024-05-31
73,Greed,,2024-05-30
72,Greed,,2024-05-29
72,Greed,,2024-05-28
74,Greed,,2024-05-27
75,Greed,,2024-05-26
76,Extreme Greed,,2024-05-25
74,Greed,,2024-05-24
76,Extreme Greed,,2024-05-23
76,Extreme Greed,,2024-05-22
76,Extreme Greed,,2024-05-21
70,Greed,,2024-05-20
72,Greed,,2024-05-19
73,Greed,,2024-05-18
74,Greed,,2024-05-17
70,Greed,,2024-05-16
64,Greed,,2024-05-15
66,Greed,,2024-05-14
57,Greed,,2024-05-13
56,Greed,,2024-05-12
53,Neutral,,2024-05-11
66,Greed,,2024-05-10
55,Greed,,2024-05-09
64,Greed,,2024-05-08
68,Greed,,2024-05-07
71,Greed,,2024-05-06
69,Greed,,2024-05-05
67,Greed,,2024-05-04
48,Neutral,,2024-05-03
43,Fear,,2024-05-02
54,Neutral,,2024-05-01
67,Greed,,2024-04-30
67,Greed,,2024-04-29
65,Greed,,2024-04-28
67,Greed,,2024-04-27
70,Greed,,2024-04-26
72,Greed,,2024-04-25
72,Greed,,2024-04-24
71,Greed,,2024-04-23
73,Greed,,2024-04-22
72,Greed,,2024-04-21
66,Greed,,2024-04-20
66,Greed,,2024-04-19
57,Greed,,2024-04-18
67,Greed,,2024-04-17
65,Greed,,2024-04-16
74,Greed,,2024-04-15
72,Greed,,2024-04-14
72,Greed,,2024-04-13
79,Extreme Greed,,2024-04-12
76,Extreme Greed,,2024-04-11
78,Extreme Greed,,2024-04-10
80,Extreme Greed,,2024-04-09
76,Extreme Greed,,2024-04-08
78,Extreme Greed,,2024-04-07
75,Greed,,2024-04-06
79,Extreme Greed,,2024-04-05
70,Greed,,2024-04-04
71,Greed,,2024-04-03
79,Extreme Greed,,2024-04-02
79,Extreme Greed,,2024-04-01
75,Greed,,2024-03-31
75,Greed,,2024-03-30
79,Extreme Greed,,2024-03-29
80,Extreme Greed,,2024-03-28
83,Extreme Greed,,2024-03-27
81,Extreme Greed,,2024-03-26
75,Greed,,2024-03-25
74,Greed,,2024-03-24
73,Greed,,2024-03-23
75,Greed,,2024-03-22
78,Extreme Greed,,2024-03-21
74,Greed,,2024-03-20
79,Extreme Greed,,2024-03-19
77,Extreme Greed,,2024-03-18
79,Extreme Greed,,2024-03-17
81,Extreme Greed,,2024-03-16
83,Extreme Greed,,2024-03-15
88,Extreme Greed,,2024-03-14
81,Extreme Greed,,2024-03-13
81,Extreme Greed,,2024-03-12
82,Extreme Greed,,2024-03-11
79,Extreme Greed,,2024-03-10
84,Extreme Greed,,2024-03-09
81,Extreme Greed,,2024-03-08
82,Extreme Greed,,2024-03-07
75,Greed,,2024-03-06
90,Extreme Greed,,2024-03-05
82,Extreme Greed,,2024-03-04
83,Extreme Greed,,2024-03-03
80,Extreme Greed,,2024-03-02
80,Extreme Greed,,2024-03-01
80,Extreme Greed,,2024-02-29
82,Extreme Greed,,2024-02-28
79,Extreme Greed,,2024-02-27
72,Greed,,2024-02-26
74,Greed,,2024-02-25
72,Greed,,2024-02-24
76,Extreme Greed,,2024-02-23
74,Greed,,2024-02-22
78,Extreme Greed,,2024-02-21
72,Greed,,2024-02-20
75,Greed,,2024-02-19
72,Greed,,2024-02-18
76,Extreme Greed,,2024-02-17
72,Greed,,2024-02-16
72,Greed,,2024-02-15
74,Greed,,2024-02-14
79,Extreme Greed,,2024-02-13
70,Greed,,2024-02-12
71,Greed,,2024-02-11
74,Greed,,2024-02-10
72,Greed,,2024-02-09
66,Greed,,2024-02-08
62,Greed,,2024-02-07
64,Greed,,2024-02-06
60,Greed,,2024-02-05
60,Greed,,2024-02-04
60,Greed,,2024-02-03
63,Greed,,2024-02-02
63,Greed,,2024-02-01
60,Greed,,2024-01-31
61,Greed,,2024-01-30
55,Greed,,2024-01-29
54,Neutral,,2024-01-28
55,Greed,,2024-01-27
49,Neutral,,2024-01-26
52,Neutral,,2024-01-25
48,Neutral,,2024-01-24
50,Neutral,,2024-01-23
55,Greed,,2024-01-22
56,Greed,,2024-01-21
52,Neutral,,2024-01-20
51,Neutral,,2024-01-19
63,Greed,,2024-01-18
60,Greed,,2024-01-17
64,Greed,,2024-01-16
52,Neutral,,2024-01-15
60,Greed,,2024-01-14
64,Greed,,2024-01-13
71,Greed,,2024-01-12
76,Extreme Greed,,2024-01-11
73,Greed,,2024-01-10
76,Extreme Greed,,2024-01-09
71,Greed,,2024-01-08
71,Greed,,2024-01-07
70,Greed,,2024-01-06
72,Greed,,2024-01-05
68,Greed,,2024-01-04
70,Greed,,2024-01-03
71,Greed,,2024-01-02
65,Greed,,2024-01-01
67,Greed,,2023-12-31
68,Greed,,2023-12-30
65,Greed,,2023-12-29
73,Greed,,2023-12-28
73,Greed,,2023-12-27
71,Greed,,2023-12-26
73,Greed,,2023-12-25
71,Greed,,2023-12-24
70,Greed,,2023-12-23
74,Greed,,2023-12-22
70,Greed,,2023-12-21
74,Greed,,2023-12-20
73,Greed,,2023-12-19
65,Greed,,2023-12-18
73,Greed,,2023-12-17
67,Greed,,2023-12-16
70,Greed,,2023-12-15
72,Greed,,2023-12-14
65,Greed,,2023-12-13
67,Greed,,2023-12-12
74,Greed,,2023-12-11
74,Greed,,2023-12-10
73,Greed,,2023-12-09
72,Greed,,2023-12-08
72,Greed,,2023-12-07
72,Greed,,2023-12-06
75,Greed,,2023-12-05
74,Greed,,2023-12-04
73,Greed,,2023-12-03
74,Greed,,2023-12-02
71,Greed,,2023-12-01
74,Greed,,2023-11-30
72,Greed,,2023-11-29
68,Greed,,2023-11-28
66,Greed,,2023-11-27
73,Greed,,2023-11-26
73,Greed,,2023-11-25
66,Greed,,2023-11-24
66,Greed,,2023-11-23
62,Greed,,2023-11-22
71,Greed,,2023-11-21
69,Greed,,2023-11-20
66,Greed,,2023-11-19
69,Greed,,2023-11-18
63,Greed,,2023-11-17
70,Greed,,2023-11-16
60,Greed,,2023-11-15
69,Greed,,2023-11-14
72,Greed,,2023-11-13
73,Greed,,2023-11-12
70,Greed,,2023-11-11
70,Greed,,2023-11-10
69,Greed,,2023-11-09
66,Greed,,2023-11-08
68,Greed,,2023-11-07
74,Greed,,2023-11-06
70,Greed,,2023-11-05
68,Greed,,2023-11-04
65,Greed,,2023-11-03
72,Greed,,2023-11-02
66,Greed,,2023-11-01
66,Greed,,2023-10-31
68,Greed,,2023-10-30
72,Greed,,2023-10-29
65,Greed,,2023-10-28
70,Greed,,2023-10-27
71,Greed,,2023-10-26
72,Greed,,2023-10-25
66,Greed,,2023-10-24
53,Neutral,,2023-10-23
53,Neutral,,2023-10-22
63,Greed,,2023-10-21
53,Neutral,,2023-10-20
52,Neutral,,2023-10-19
50,Neutral,,2023-10-18
52,Neutral,,2023-10-17
47,Neutral,,2023-10-16
45,Fear,,2023-10-15
47,Neutral,,2023-10-14
44,Fear,,2023-10-13
45,Fear,,2023-10-12
47,Neutral,,2023-10-11
50,Neutral,,2023-10-10
50,Neutral,,2023-10-09
50,Neutral,,2023-10-08
49,Neutral,,2023-10-07
50,Neutral,,2023-10-06
48,Neutral,,2023-10-05
49,Neutral,,2023-10-04
50,Neutral,,2023-10-03
50,Neutral,,2023-10-02
48,Neutral,,2023-10-01
47,Neutral,,2023-09-30
48,Neutral,,2023-09-29
46,Fear,,2023-09-28
44,Fear,,2023-09-27
46,Fear,,2023-09-26
47,Neutral,,2023-09-25
44,Fear,,2023-09-24
47,Neutral,,2023-09-23
43,Fear,,2023-09-22
47,Neutral,,2023-09-21
47,Neutral,,2023-09-20
46,Fear,,2023-09-19
46,Fear,,2023-09-18
46,Fear,,2023-09-17
43,Fear,,2023-09-16
45,Fear,,2023-09-15
45,Fear,,2023-09-14
41,Fear,,2023-09-13
30,Fear,,2023-09-12
40,Fear,,2023-09-11
40,Fear,,2023-09-10
41,Fear,,2023-09-09
46,Fear,,2023-09-08
41,Fear,,2023-09-07
42,Fear,,2023-09-06
40,Fear,,2023-09-05
40,Fear,,2023-09-04
40,Fear,,2023-09-03
39,Fear,,2023-09-02
40,Fear,,2023-09-01
52,Neutral,,2023-08-31
49,Neutral,,2023-08-30
39,Fear,,2023-08-29
39,Fear,,2023-08-28
38,Fear,,2023-08-27
38,Fear,,2023-08-26
39,Fear,,2023-08-25
41,Fear,,2023-08-24
37,Fear,,2023-08-23
37,Fear,,2023-08-22
38,Fear,,2023-08-21
37,Fear,,2023-08-20
39,Fear,,2023-08-19
37,Fear,,2023-08-18
50,Neutral,,2023-08-17
52,Neutral,,2023-08-16
53,Neutral,,2023-08-15
50,Neutral,,2023-08-14
54,Neutral,,2023-08-13
54,Neutral,,2023-08-12
51,Neutral,,2023-08-11
53,Neutral,,2023-08-10
50,Neutral,,2023-08-09
54,Neutral,,2023-08-08
49,Neutral,,2023-08-07
49,Neutral,,2023-08-06
50,Neutral,,2023-08-05
54,Neutral,,2023-08-04
52,Neutral,,2023-08-03
53,Neutral,,2023-08-02
53,Neutral,,2023-08-01
50,Neutral,,2023-07-31
52,Neutral,,2023-07-30
52,Neutral,,2023-07-29
52,Neutral,,2023-07-28
51,Neutral,,2023-07-27
51,Neutral,,2023-07-26
50,Neutral,,2023-07-25
55,Greed,,2023-07-24
54,Neutral,,2023-07-23
52,Neutral,,2023-07-22
50,Neutral,,2023-07-21
56,Greed,,2023-07-20
50,Neutral,,2023-07-19
56,Greed,,2023-07-18
54,Neutral,,2023-07-17
57,Greed,,2023-07-16
56,Greed,,2023-07-15
60,Greed,,2023-07-14
57,Greed,,2023-07-13
64,Greed,,2023-07-12
57,Greed,,2023-07-11
56,Greed,,2023-07-10
55,Greed,,2023-07-09
58,Greed,,2023-07-08
55,Greed,,2023-07-07
56,Greed,,2023-07-06
61,Greed,,2023-07-05
64,Greed,,2023-07-04
62,Greed,,2023-07-03
63,Greed,,2023-07-02
59,Greed,,2023-07-01
56,Greed,,2023-06-30
54,Neutral,,2023-06-29
62,Greed,,2023-06-28
59,Greed,,2023-06-27
55,Greed,,2023-06-26
64,Greed,,2023-06-25
62,Greed,,2023-06-24
65,Greed,,2023-06-23
65,Greed,,2023-06-22
59,Greed,,2023-06-21
49,Neutral,,2023-06-20
47,Neutral,,2023-06-19
49,Neutral,,2023-06-18
47,Neutral,,2023-06-17
47,Neutral,,2023-06-16
41,Fear,,2023-06-15
46,Fear,,2023-06-14
45,Fear,,2023-06-13
47,Neutral,,2023-06-12
47,Neutral,,2023-06-11
49,Neutral,,2023-06-10
50,Neutral,,2023-06-09
50,Neutral,,2023-06-08
53,Neutral,,2023-06-07
44,Fear,,2023-06-06
53,Neutral,,2023-06-05
52,Neutral,,2023-06-04
53,Neutral,,2023-06-03
50,Neutral,,2023-06-02
52,Neutral,,2023-06-01
51,Neutral,,2023-05-31
51,Neutral,,2023-05-30
52,Neutral,,2023-05-29
50,Neutral,,2023-05-28
48,Neutral,,2023-05-27
49,Neutral,,2023-05-26
51,Neutral,,2023-05-25
50,Neutral,,2023-05-24
50,Neutral,,2023-05-23
49,Neutral,,2023-05-22
52,Neutral,,2023-05-21
48,Neutral,,2023-05-20
48,Neutral,,2023-05-19
51,Neutral,,2023-05-18
50,Neutral,,2023-05-17
54,Neutral,,2023-05-16
50,Neutral,,2023-05-15
48,Neutral,,2023-05-14
48,Neutral,,2023-05-13
49,Neutral,,2023-05-12
52,Neutral,,2023-05-11
52,Neutral,,2023-05-10
51,Neutral,,2023-05-09
60,Greed,,2023-05-08
64,Greed,,2023-05-07
60,Greed,,2023-05-06
61,Greed,,2023-05-05
64,Greed,,2023-05-04
64,Greed,,2023-05-03
55,Greed,,2023-05-02
63,Greed,,2023-05-01
60,Greed,,2023-04-30
64,Greed,,2023-04-29
64,Greed,,2023-04-28
59,Greed,,2023-04-27
56,Greed,,2023-04-26
53,Neutral,,2023-04-25
53,Neutral,,2023-04-24
56,Greed,,2023-04-23
53,Neutral,,2023-04-22
50,Neutral,,2023-04-21
52,Neutral,,2023-04-20
63,Greed,,2023-04-19
58,Greed,,2023-04-18
69,Greed,,2023-04-17
68,Greed,,2023-04-16
68,Greed,,2023-04-15
68,Greed,,2023-04-14
61,Greed,,2023-04-13
65,Greed,,2023-04-12
68,Greed,,2023-04-11
62,Greed,,2023-04-10
61,Greed,,2023-04-09
61,Greed,,2023-04-08
64,Greed,,2023-04-07
63,Greed,,2023-04-06
62,Greed,,2023-04-05
62,Greed,,2023-04-04
63,Greed,,2023-04-03
63,Greed,,2023-04-02
61,Greed,,2023-04-01
63,Greed,,2023-03-31
60,Greed,,2023-03-30
57,Greed,,2023-03-29
59,Greed,,2023-03-28
64,Greed,,2023-03-27
64,Greed,,2023-03-26
64,Greed,,2023-03-25
61,Greed,,2023-03-24
57,Greed,,2023-03-23
62,Greed,,2023-03-22
68,Greed,,2023-03-21
66,Greed,,2023-03-20
63,Greed,,2023-03-19
64,Greed,,2023-03-18
51,Neutral,,2023-03-17
52,Neutral,,2023-03-16
50,Neutral,,2023-03-15
56,Greed,,2023-03-14
49,Neutral,,2023-03-13
33,Fear,,2023-03-12
33,Fear,,2023-03-11
34,Fear,,2023-03-10
44,Fear,,2023-03-09
50,Neutral,,2023-03-08
49,Neutral,,2023-03-07
48,Neutral,,2023-03-06
47,Neutral,,2023-03-05
50,Neutral,,2023-03-04
50,Neutral,,2023-03-03
51,Neutral,,2023-03-02
50,Neutral,,2023-03-01
53,Neutral,,2023-02-28
50,Neutral,,2023-02-27
51,Neutral,,2023-02-26
52,Neutral,,2023-02-25
53,Neutral,,2023-02-24
56,Greed,,2023-02-23
59,Greed,,2023-02-22
60,Greed,,2023-02-21
58,Greed,,2023-02-20
60,Greed,,2023-02-19
60,Greed,,2023-02-18
61,Greed,,2023-02-17
62,Greed,,2023-02-16
53,Neutral,,2023-02-15
50,Neutral,,2023-02-14
48,Neutral,,2023-02-13
50,Neutral,,2023-02-12
49,Neutral,,2023-02-11
48,Neutral,,2023-02-10
55,Greed,,2023-02-09
58,Greed,,2023-02-08
54,Neutral,,2023-02-07
56,Greed,,2023-02-06
58,Greed,,2023-02-05
58,Greed,,2023-02-04
60,Greed,,2023-02-03
60,Greed,,2023-02-02
56,Greed,,2023-02-01
51,Neutral,,2023-01-31
61,Greed,,2023-01-30
55,Greed,,2023-01-29
52,Neutral,,2023-01-28
55,Greed,,2023-01-27
54,Neutral,,2023-01-26
51,Neutral,,2023-01-25
52,Neutral,,2023-01-24
50,Neutral,,2023-01-23
53,Neutral,,2023-01-22
53,Neutral,,2023-01-21
51,Neutral,,2023-01-20
45,Fear,,2023-01-19
52,Neutral,,2023-01-18
51,Neutral,,2023-01-17
45,Fear,,2023-01-16
52,Neutral,,2023-01-15
46,Fear,,2023-01-14
31,Fear,,2023-01-13
30,Fear,,2023-01-12
26,Fear,,2023-01-11
26,Fear,,2023-01-10
25,Extreme Fear,,2023-01-09
25,Extreme Fear,,2023-01-08
25,Extreme Fear,,2023-01-07
26,Fear,,2023-01-06
29,Fear,,2023-01-05
29,Fear,,2023-01-04
26,Fear,,2023-01-03
27,Fear,,2023-01-02
26,Fear,,2023-01-01
25,Extreme Fear,,2022-12-31
28,Fear,,2022-12-30
28,Fear,,2022-12-29
28,Fear,,2022-12-28
27,Fear,,2022-12-27
28,Fear,,2022-12-26
29,Fear,,2022-12-25
29,Fear,,2022-12-24
27,Fear,,2022-12-23
28,Fear,,2022-12-22
26,Fear,,2022-12-21
29,Fear,,2022-12-20
29,Fear,,2022-12-19
26,Fear,,2022-12-18
28,Fear,,2022-12-17
29,Fear,,2022-12-16
31,Fear,,2022-12-15
30,Fear,,2022-12-14
27,Fear,,2022-12-13
27,Fear,,2022-12-12
26,Fear,,2022-12-11
27,Fear,,2022-12-10
26,Fear,,2022-12-09
25,Extreme Fear,,2022-12-08
29,Fear,,2022-12-07
25,Extreme Fear,,2022-12-06
26,Fear,,2022-12-05
26,Fear,,2022-12-04
27,Fear,,2022-12-03
27,Fear,,2022-12-02
27,Fear,,2022-12-01
29,Fear,,2022-11-30
26,Fear,,2022-11-29
28,Fear,,2022-11-28
26,Fear,,2022-11-27
22,Extreme Fear,,2022-11-26
20,Extreme Fear,,2022-11-25
20,Extreme Fear,,2022-11-24
22,Extreme Fear,,2022-11-23
22,Extreme Fear,,2022-11-22
21,Extreme Fear,,2022-11-21
24,Extreme Fear,,2022-11-20
23,Extreme Fear,,2022-11-19
23,Extreme Fear,,2022-11-18
20,Extreme Fear,,2022-11-17
23,Extreme Fear,,2022-11-16
22,Extreme Fear,,2022-11-15
24,Extreme Fear,,2022-11-14
22,Extreme Fear,,2022-11-13
21,Extreme Fear,,2022-11-12
25,Extreme Fear,,2022-11-11
22,Extreme Fear,,2022-11-10
29,Fear,,2022-11-09
31,Fear,,2022-11-08
33,Fear,,2022-11-07
40,Fear,,2022-11-06
38,Fear,,2022-11-05
30,Fear,,2022-11-04
30,Fear,,2022-11-03
30,Fear,,2022-11-02
30,Fear,,2022-11-01
31,Fear,,2022-10-31
34,Fear,,2022-10-30
34,Fear,,2022-10-29
30,Fear,,2022-10-28
32,Fear,,2022-10-27
33,Fear,,2022-10-26
20,Extreme Fear,,2022-10-25
22,Extreme Fear,,2022-10-24
23,Extreme Fear,,2022-10-23
20,Extreme Fear,,2022-10-22
23,Extreme Fear,,2022-10-21
23,Extreme Fear,,2022-10-20
23,Extreme Fear,,2022-10-19
22,Extreme Fear,,2022-10-18
20,Extreme Fear,,2022-10-17
24,Extreme Fear,,2022-10-16
24,Extreme Fear,,2022-10-15
24,Extreme Fear,,2022-10-14
20,Extreme Fear,,2022-10-13
20,Extreme Fear,,2022-10-12
24,Extreme Fear,,2022-10-11
22,Extreme Fear,,2022-10-10
22,Extreme Fear,,2022-10-09
24,Extreme Fear,,2022-10-08
23,Extreme Fear,,2022-10-07
26,Fear,,2022-10-06
25,Extreme Fear,,2022-10-05
20,Extreme Fear,,2022-10-04
24,Extreme Fear,,2022-10-03
24,Extreme Fear,,2022-10-02
20,Extreme Fear,,2022-10-01
21,Extreme Fear,,2022-09-30
22,Extreme Fear,,2022-09-29
20,Extreme Fear,,2022-09-28
20,Extreme Fear,,2022-09-27
21,Extreme Fear,,2022-09-26
24,Extreme Fear,,2022-09-25
24,Extreme Fear,,2022-09-24
20,Extreme Fear,,2022-09-23
22,Extreme Fear,,2022-09-22
23,Extreme Fear,,2022-09-21
23,Extreme Fear,,2022-09-20
21,Extreme Fear,,2022-09-19
27,Fear,,2022-09-18
22,Extreme Fear,,2022-09-17
20,Extreme Fear,,2022-09-16
28,Fear,,2022-09-15
27,Fear,,2022-09-14
34,Fear,,2022-09-13
25,Extreme Fear,,2022-09-12
26,Fear,,2022-09-11
28,Fear,,2022-09-10
22,Extreme Fear,,2022-09-09
20,Extreme Fear,,2022-09-08
24,Extreme Fear,,2022-09-07
22,Extreme Fear,,2022-09-06
23,Extreme Fear,,2022-09-05
20,Extreme Fear,,2022-09-04
21,Extreme Fear,,2022-09-03
25,Extreme Fear,,2022-09-02
20,Extreme Fear,,2022-09-01
23,Extreme Fear,,2022-08-31
27,Fear,,2022-08-30
24,Extreme Fear,,2022-08-29
28,Fear,,2022-08-28
28,Fear,,2022-08-27
27,Fear,,2022-08-26
25,Extreme Fear,,2022-08-25
25,Extreme Fear,,2022-08-24
28,Fear,,2022-08-23
29,Fear,,2022-08-22
27,Fear,,2022-08-21
29,Fear,,2022-08-20
33,Fear,,2022-08-19
30,Fear,,2022-08-18
41,Fear,,2022-08-17
44,Fear,,2022-08-16
45,Fear,,2022-08-15
47,Neutral,,2022-08-14
46,Fear,,2022-08-13
42,Fear,,2022-08-12
41,Fear,,2022-08-11
31,Fear,,2022-08-10
42,Fear,,2022-08-09
30,Fear,,2022-08-08
30,Fear,,2022-08-07
31,Fear,,2022-08-06
31,Fear,,2022-08-05
30,Fear,,2022-08-04
34,Fear,,2022-08-03
31,Fear,,2022-08-02
33,Fear,,2022-08-01
39,Fear,,2022-07-31
42,Fear,,2022-07-30
39,Fear,,2022-07-29
32,Fear,,2022-07-28
28,Fear,,2022-07-27
26,Fear,,2022-07-26
30,Fear,,2022-07-25
30,Fear,,2022-07-24
31,Fear,,2022-07-23
33,Fear,,2022-07-22
34,Fear,,2022-07-21
31,Fear,,2022-07-20
30,Fear,,2022-07-19
20,Extreme Fear,,2022-07-18
24,Extreme Fear,,2022-07-17
21,Extreme Fear,,2022-07-16
15,Extreme Fear,,2022-07-15
18,Extreme Fear,,2022-07-14
15,Extreme Fear,,2022-07-13
16,Extreme Fear,,2022-07-12
22,Extreme Fear,,2022-07-11
24,Extreme Fear,,2022-07-10
24,Extreme Fear,,2022-07-09
20,Extreme Fear,,2022-07-08
18,Extreme Fear,,2022-07-07
18,Extreme Fear,,2022-07-06
19,Extreme Fear,,2022-07-05
14,Extreme Fear,,2022-07-04
11,Extreme Fear,,2022-07-03
14,Extreme Fear,,2022-07-02
11,Extreme Fear,,2022-07-01
11,Extreme Fear,,2022-06-30
13,Extreme Fear,,2022-06-29
10,Extreme Fear,,2022-06-28
12,Extreme Fear,,2022-06-27
14,Extreme Fear,,2022-06-26
14,Extreme Fear,,2022-06-25
11,Extreme Fear,,2022-06-24
11,Extreme Fear,,2022-06-23
11,Extreme Fear,,2022-06-22
9,Extreme Fear,,2022-06-21
9,Extreme Fear,,2022-06-20
6,Extreme Fear,,2022-06-19
6,Extreme Fear,,2022-06-18
9,Extreme Fear,,2022-06-17
7,Extreme Fear,,2022-06-16
7,Extreme Fear,,2022-06-15
8,Extreme Fear,,2022-06-14
11,Extreme Fear,,2022-06-13
14,Extreme Fear,,2022-06-12
12,Extreme Fear,,2022-06-11
13,Extreme Fear,,2022-06-10
11,Extreme Fear,,2022-06-09
17,Extreme Fear,,2022-06-08
15,Extreme Fear,,2022-06-07
13,Extreme Fear,,2022-06-06
10,Extreme Fear,,2022-06-05
14,Extreme Fear,,2022-06-04
10,Extreme Fear,,2022-06-03
13,Extreme Fear,,2022-06-02
17,Extreme Fear,,2022-06-01
16,Extreme Fear,,2022-05-31
10,Extreme Fear,,2022-05-30
14,Extreme Fear,,2022-05-29
13,Extreme Fear,,2022-05-28
12,Extreme Fear,,2022-05-27
12,Extreme Fear,,2022-05-26
11,Extreme Fear,,2022-05-25
12,Extreme Fear,,2022-05-24
10,Extreme Fear,,2022-05-23
14,Extreme Fear,,2022-05-22
13,Extreme Fear,,2022-05-21
13,Extreme Fear,,2022-05-20
13,Extreme Fear,,2022-05-19
12,Extreme Fear,,2022-05-18
8,Extreme Fear,,2022-05-17
14,Extreme Fear,,2022-05-16
10,Extreme Fear,,2022-05-15
9,Extreme Fear,,2022-05-14
10,Extreme Fear,,2022-05-13
12,Extreme Fear,,2022-05-12
12,Extreme Fear,,2022-05-11
10,Extreme Fear,,2022-05-10
11,Extreme Fear,,2022-05-09
18,Extreme Fear,,2022-05-08
23,Extreme Fear,,2022-05-07
22,Extreme Fear,,2022-05-06
27,Fear,,2022-05-05
21,Extreme Fear,,2022-05-04
27,Fear,,2022-05-03
28,Fear,,2022-05-02
22,Extreme Fear,,2022-05-01
20,Extreme Fear,,2022-04-30
23,Extreme Fear,,2022-04-29
24,Extreme Fear,,2022-04-28
21,Extreme Fear,,2022-04-27
27,Fear,,2022-04-26
23,Extreme Fear,,2022-04-25
24,Extreme Fear,,2022-04-24
24,Extreme Fear,,2022-04-23
26,Fear,,2022-04-22
27,Fear,,2022-04-21
27,Fear,,2022-04-20
27,Fear,,2022-04-19
24,Extreme Fear,,2022-04-18
28,Fear,,2022-04-17
28,Fear,,2022-04-16
22,Extreme Fear,,2022-04-15
28,Fear,,2022-04-14
25,Extreme Fear,,2022-04-13
20,Extreme Fear,,2022-04-12
32,Fear,,2022-04-11
34,Fear,,2022-04-10
30,Fear,,2022-04-09
37,Fear,,2022-04-08
34,Fear,,2022-04-07
48,Neutral,,2022-04-06
53,Neutral,,2022-04-05
52,Neutral,,2022-04-04
48,Neutral,,2022-04-03
52,Neutral,,2022-04-02
50,Neutral,,2022-04-01
52,Neutral,,2022-03-31
55,Greed,,2022-03-30
56,Greed,,2022-03-29
60,Greed,,2022-03-28
49,Neutral,,2022-03-27
51,Neutral,,2022-03-26
47,Neutral,,2022-03-25
40,Fear,,2022-03-24
31,Fear,,2022-03-23
26,Fear,,2022-03-22
30,Fear,,2022-03-21
31,Fear,,2022-03-20
28,Fear,,2022-03-19
25,Extreme Fear,,2022-03-18
27,Fear,,2022-03-17
24,Extreme Fear,,2022-03-16
21,Extreme Fear,,2022-03-15
23,Extreme Fear,,2022-03-14
21,Extreme Fear,,2022-03-13
22,Extreme Fear,,2022-03-12
22,Extreme Fear,,2022-03-11
28,Fear,,2022-03-10
22,Extreme Fear,,2022-03-09
21,Extreme Fear,,2022-03-08
23,Extreme Fear,,2022-03-07
22,Extreme Fear,,2022-03-06
22,Extreme Fear,,2022-03-05
33,Fear,,2022-03-04
39,Fear,,2022-03-03
52,Neutral,,2022-03-02
51,Neutral,,2022-03-01
20,Extreme Fear,,2022-02-28
26,Fear,,2022-02-27
26,Fear,,2022-02-26
27,Fear,,2022-02-25
23,Extreme Fear,,2022-02-24
25,Extreme Fear,,2022-02-23
20,Extreme Fear,,2022-02-22
25,Extreme Fear,,2022-02-21
27,Fear,,2022-02-20
25,Extreme Fear,,2022-02-19
30,Fear,,2022-02-18
52,Neutral,,2022-02-17
51,Neutral,,2022-02-16
46,Fear,,2022-02-15
46,Fear,,2022-02-14
44,Fear,,2022-02-13
44,Fear,,2022-02-12
50,Neutral,,2022-02-11
50,Neutral,,2022-02-10
54,Neutral,,2022-02-09
48,Neutral,,2022-02-08
45,Fear,,2022-02-07
37,Fear,,2022-02-06
33,Fear,,2022-02-05
20,Extreme Fear,,2022-02-04
20,Extreme Fear,,2022-02-03
28,Fear,,2022-02-02
26,Fear,,2022-02-01
20,Extreme Fear,,2022-01-31
29,Fear,,2022-01-30
24,Extreme Fear,,2022-01-29
24,Extreme Fear,,2022-01-28
20,Extreme Fear,,2022-01-27
23,Extreme Fear,,2022-01-26
12,Extreme Fear,,2022-01-25
13,Extreme Fear,,2022-01-24
11,Extreme Fear,,2022-01-23
13,Extreme Fear,,2022-01-22
19,Extreme Fear,,2022-01-21
24,Extreme Fear,,2022-01-20
24,Extreme Fear,,2022-01-19
24,Extreme Fear,,2022-01-18
22,Extreme Fear,,2022-01-17
21,Extreme Fear,,2022-01-16
23,Extreme Fear,,2022-01-15
21,Extreme Fear,,2022-01-14
21,Extreme Fear,,2022-01-13
22,Extreme Fear,,2022-01-12
21,Extreme Fear,,2022-01-11
23,Extreme Fear,,2022-01-10
23,Extreme Fear,,2022-01-09
10,Extreme Fear,,2022-01-08
18,Extreme Fear,,2022-01-07
15,Extreme Fear,,2022-01-06
24,Extreme Fear,,2022-01-05
23,Extreme Fear,,2022-01-04
29,Fear,,2022-01-03
29,Fear,,2022-01-02
21,Extreme Fear,,2022-01-01
28,Fear,,2021-12-31
22,Extreme Fear,,2021-12-30
27,Fear,,2021-12-29
41,Fear,,2021-12-28
40,Fear,,2021-12-27
37,Fear,,2021-12-26
39,Fear,,2021-12-25
41,Fear,,2021-12-24
34,Fear,,2021-12-23
45,Fear,,2021-12-22
27,Fear,,2021-12-21
25,Extreme Fear,,2021-12-20
29,Fear,,2021-12-19
24,Extreme Fear,,2021-12-18
23,Extreme Fear,,2021-12-17
29,Fear,,2021-12-16
28,Fear,,2021-12-15
21,Extreme Fear,,2021-12-14
28,Fear,,2021-12-13
27,Fear,,2021-12-12
16,Extreme Fear,,2021-12-11
24,Extreme Fear,,2021-12-10
29,Fear,,2021-12-09
28,Fear,,2021-12-08
25,Extreme Fear,,2021-12-07
16,Extreme Fear,,2021-12-06
18,Extreme Fear,,2021-12-05
25,Extreme Fear,,2021-12-04
31,Fear,,2021-12-03
32,Fear,,2021-12-02
34,Fear,,2021-12-01
40,Fear,,2021-11-30
33,Fear,,2021-11-29
27,Fear,,2021-11-28
21,Extreme Fear,,2021-11-27
47,Neutral,,2021-11-26
32,Fear,,2021-11-25
42,Fear,,2021-11-24
33,Fear,,2021-11-23
50,Neutral,,2021-11-22
49,Neutral,,2021-11-21
43,Fear,,2021-11-20
34,Fear,,2021-11-19
54,Neutral,,2021-11-18
52,Neutral,,2021-11-17
71,Greed,,2021-11-16
72,Greed,,2021-11-15
74,Greed,,2021-11-14
72,Greed,,2021-11-13
74,Greed,,2021-11-12
77,Extreme Greed,,2021-11-11
75,Greed,,2021-11-10
84,Extreme Greed,,2021-11-09
75,Greed,,2021-11-08
73,Greed,,2021-11-07
71,Greed,,2021-11-06
73,Greed,,2021-11-05
73,Greed,,2021-11-04
76,Extreme Greed,,2021-11-03
73,Greed,,2021-11-02
74,Greed,,2021-11-01
74,Greed,,2021-10-31
73,Greed,,2021-10-30
70,Greed,,2021-10-29
66,Greed,,2021-10-28
73,Greed,,2021-10-27
76,Extreme Greed,,2021-10-26
72,Greed,,2021-10-25
73,Greed,,2021-10-24
74,Greed,,2021-10-23
75,Greed,,2021-10-22
84,Extreme Greed,,2021-10-21
82,Extreme Greed,,2021-10-20
75,Greed,,2021-10-19
78,Extreme Greed,,2021-10-18
79,Extreme Greed,,2021-10-17
78,Extreme Greed,,2021-10-16
71,Greed,,2021-10-15
70,Greed,,2021-10-14
70,Greed,,2021-10-13
78,Extreme Greed,,2021-10-12
71,Greed,,2021-10-11
71,Greed,,2021-10-10
72,Greed,,2021-10-09
74,Greed,,2021-10-08
76,Extreme Greed,,2021-10-07
68,Greed,,2021-10-06
59,Greed,,2021-10-05
54,Neutral,,2021-10-04
49,Neutral,,2021-10-03
54,Neutral,,2021-10-02
27,Fear,,2021-10-01
20,Extreme Fear,,2021-09-30
24,Extreme Fear,,2021-09-29
25,Extreme Fear,,2021-09-28
26,Fear,,2021-09-27
27,Fear,,2021-09-26
28,Fear,,2021-09-25
33,Fear,,2021-09-24
27,Fear,,2021-09-23
21,Extreme Fear,,2021-09-22
27,Fear,,2021-09-21
50,Neutral,,2021-09-20
53,Neutral,,2021-09-19
50,Neutral,,2021-09-18
48,Neutral,,2021-09-17
53,Neutral,,2021-09-16
49,Neutral,,2021-09-15
30,Fear,,2021-09-14
44,Fear,,2021-09-13
32,Fear,,2021-09-12
31,Fear,,2021-09-11
46,Fear,,2021-09-10
45,Fear,,2021-09-09
47,Neutral,,2021-09-08
79,Extreme Greed,,2021-09-07
79,Extreme Greed,,2021-09-06
73,Greed,,2021-09-05
72,Greed,,2021-09-04
74,Greed,,2021-09-03
74,Greed,,2021-09-02
71,Greed,,2021-09-01
73,Greed,,2021-08-31
73,Greed,,2021-08-30
72,Greed,,2021-08-29
78,Extreme Greed,,2021-08-28
71,Greed,,2021-08-27
75,Greed,,2021-08-26
73,Greed,,2021-08-25
79,Extreme Greed,,2021-08-24
79,Extreme Greed,,2021-08-23
76,Extreme Greed,,2021-08-22
78,Extreme Greed,,2021-08-21
70,Greed,,2021-08-20
70,Greed,,2021-08-19
73,Greed,,2021-08-18
72,Greed,,2021-08-17
72,Greed,,2021-08-16
71,Greed,,2021-08-15
76,Extreme Greed,,2021-08-14
70,Greed,,2021-08-13
70,Greed,,2021-08-12
70,Greed,,2021-08-11
71,Greed,,2021-08-10
65,Greed,,2021-08-09
74,Greed,,2021-08-08
69,Greed,,2021-08-07
52,Neutral,,2021-08-06
50,Neutral,,2021-08-05
42,Fear,,2021-08-04
48,Neutral,,2021-08-03
48,Neutral,,2021-08-02
60,Greed,,2021-08-01
60,Greed,,2021-07-31
53,Neutral,,2021-07-30
50,Neutral,,2021-07-29
50,Neutral,,2021-07-28
32,Fear,,2021-07-27
26,Fear,,2021-07-26
27,Fear,,2021-07-25
22,Extreme Fear,,2021-07-24
23,Extreme Fear,,2021-07-23
21,Extreme Fear,,2021-07-22
10,Extreme Fear,,2021-07-21
19,Extreme Fear,,2021-07-20
24,Extreme Fear,,2021-07-19
19,Extreme Fear,,2021-07-18
15,Extreme Fear,,2021-07-17
22,Extreme Fear,,2021-07-16
20,Extreme Fear,,2021-07-15
21,Extreme Fear,,2021-07-14
20,Extreme Fear,,2021-07-13
25,Extreme Fear,,2021-07-12
20,Extreme Fear,,2021-07-11
20,Extreme Fear,,2021-07-10
20,Extreme Fear,,2021-07-09
20,Extreme Fear,,2021-07-08
28,Fear,,2021-07-07
20,Extreme Fear,,2021-07-06
29,Fear,,2021-07-05
27,Fear,,2021-07-04
24,Extreme Fear,,2021-07-03
21,Extreme Fear,,2021-07-02
28,Fear,,2021-07-01
28,Fear,,2021-06-30
25,Extreme Fear,,2021-06-29
25,Extreme Fear,,2021-06-28
22,Extreme Fear,,2021-06-27
20,Extreme Fear,,2021-06-26
27,Fear,,2021-06-25
22,Extreme Fear,,2021-06-24
14,Extreme Fear,,2021-06-23
10,Extreme Fear,,2021-06-22
23,Extreme Fear,,2021-06-21
21,Extreme Fear,,2021-06-20
23,Extreme Fear,,2021-06-19
25,Extreme Fear,,2021-06-18
26,Fear,,2021-06-17
33,Fear,,2021-06-16
38,Fear,,2021-06-15
28,Fear,,2021-06-14
23,Extreme Fear,,2021-06-13
28,Fear,,2021-06-12
21,Extreme Fear,,2021-06-11
21,Extreme Fear,,2021-06-10
14,Extreme Fear,,2021-06-09
13,Extreme Fear,,2021-06-08
15,Extreme Fear,,2021-06-07
17,Extreme Fear,,2021-06-06
24,Extreme Fear,,2021-06-05
27,Fear,,2021-06-04
24,Extreme Fear,,2021-06-03
23,Extreme Fear,,2021-06-02
20,Extreme Fear,,2021-06-01
18,Extreme Fear,,2021-05-31
10,Extreme Fear,,2021-05-30
18,Extreme Fear,,2021-05-29
21,Extreme Fear,,2021-05-28
27,Fear,,2021-05-27
22,Extreme Fear,,2021-05-26
22,Extreme Fear,,2021-05-25
10,Extreme Fear,,2021-05-24
14,Extreme Fear,,2021-05-23
12,Extreme Fear,,2021-05-22
19,Extreme Fear,,2021-05-21
11,Extreme Fear,,2021-05-20
23,Extreme Fear,,2021-05-19
21,Extreme Fear,,2021-05-18
27,Fear,,2021-05-17
20,Extreme Fear,,2021-05-16
27,Fear,,2021-05-15
26,Fear,,2021-05-14
31,Fear,,2021-05-13
68,Greed,,2021-05-12
61,Greed,,2021-05-11
72,Greed,,2021-05-10
73,Greed,,2021-05-09
67,Greed,,2021-05-08
64,Greed,,2021-05-07
65,Greed,,2021-05-06
48,Neutral,,2021-05-05
68,Greed,,2021-05-04
61,Greed,,2021-05-03
66,Greed,,2021-05-02
68,Greed,,2021-05-01
51,Neutral,,2021-04-30
52,Neutral,,2021-04-29
59,Greed,,2021-04-28
50,Neutral,,2021-04-27
27,Fear,,2021-04-26
31,Fear,,2021-04-25
37,Fear,,2021-04-24
55,Greed,,2021-04-23
65,Greed,,2021-04-22
73,Greed,,2021-04-21
73,Greed,,2021-04-20
74,Greed,,2021-04-19
79,Extreme Greed,,2021-04-18
76,Extreme Greed,,2021-04-17
78,Extreme Greed,,2021-04-16
79,Extreme Greed,,2021-04-15
75,Greed,,2021-04-14
74,Greed,,2021-04-13
74,Greed,,2021-04-12
76,Extreme Greed,,2021-04-11
70,Greed,,2021-04-10
70,Greed,,2021-04-09
73,Greed,,2021-04-08
72,Greed,,2021-04-07
75,Greed,,2021-04-06
71,Greed,,2021-04-05
74,Greed,,2021-04-04
73,Greed,,2021-04-03
74,Greed,,2021-04-02
74,Greed,,2021-04-01
76,Extreme Greed,,2021-03-31
72,Greed,,2021-03-30
72,Greed,,2021-03-29
74,Greed,,2021-03-28
65,Greed,,2021-03-27
54,Neutral,,2021-03-26
60,Greed,,2021-03-25
65,Greed,,2021-03-24
66,Greed,,2021-03-23
70,Greed,,2021-03-22
73,Greed,,2021-03-21
75,Greed,,2021-03-20
71,Greed,,2021-03-19
72,Greed,,2021-03-18
71,Greed,,2021-03-17
71,Greed,,2021-03-16
76,Extreme Greed,,2021-03-15
78,Extreme Greed,,2021-03-14
74,Greed,,2021-03-13
70,Greed,,2021-03-12
73,Greed,,2021-03-11
68,Greed,,2021-03-10
81,Extreme Greed,,2021-03-09
81,Extreme Greed,,2021-03-08
76,Extreme Greed,,2021-03-07
77,Extreme Greed,,2021-03-06
77,Extreme Greed,,2021-03-05
84,Extreme Greed,,2021-03-04
78,Extreme Greed,,2021-03-03
78,Extreme Greed,,2021-03-02
38,Fear,,2021-03-01
55,Greed,,2021-02-28
56,Greed,,2021-02-27
55,Greed,,2021-02-26
79,Extreme Greed,,2021-02-25
76,Extreme Greed,,2021-02-24
94,Extreme Greed,,2021-02-23
94,Extreme Greed,,2021-02-22
91,Extreme Greed,,2021-02-21
91,Extreme Greed,,2021-02-20
93,Extreme Greed,,2021-02-19
91,Extreme Greed,,2021-02-18
95,Extreme Greed,,2021-02-17
95,Extreme Greed,,2021-02-16
93,Extreme Greed,,2021-02-15
95,Extreme Greed,,2021-02-14
92,Extreme Greed,,2021-02-13
92,Extreme Greed,,2021-02-12
93,Extreme Greed,,2021-02-11
92,Extreme Greed,,2021-02-10
95,Extreme Greed,,2021-02-09
83,Extreme Greed,,2021-02-08
86,Extreme Greed,,2021-02-07
84,Extreme Greed,,2021-02-06
81,Extreme Greed,,2021-02-05
80,Extreme Greed,,2021-02-04
78,Extreme Greed,,2021-02-03
76,Extreme Greed,,2021-02-02
77,Extreme Greed,,2021-02-01
78,Extreme Greed,,2021-01-31
76,Extreme Greed,,2021-01-30
77,Extreme Greed,,2021-01-29
55,Greed,,2021-01-28
78,Extreme Greed,,2021-01-27
71,Greed,,2021-01-26
74,Greed,,2021-01-25
70,Greed,,2021-01-24
74,Greed,,2021-01-23
40,Fear,,2021-01-22
75,Greed,,2021-01-21
78,Extreme Greed,,2021-01-20
80,Extreme Greed,,2021-01-19
79,Extreme Greed,,2021-01-18
79,Extreme Greed,,2021-01-17
84,Extreme Greed,,2021-01-16
88,Extreme Greed,,2021-01-15
83,Extreme Greed,,2021-01-14
78,Extreme Greed,,2021-01-13
84,Extreme Greed,,2021-01-12
90,Extreme Greed,,2021-01-11
94,Extreme Greed,,2021-01-10
93,Extreme Greed,,2021-01-09
93,Extreme Greed,,2021-01-08
91,Extreme Greed,,2021-01-07
95,Extreme Greed,,2021-01-06
93,Extreme Greed,,2021-01-05
94,Extreme Greed,,2021-01-04
93,Extreme Greed,,2021-01-03
94,Extreme Greed,,2021-01-02
94,Extreme Greed,,2021-01-01
95,Extreme Greed,,2020-12-31
91,Extreme Greed,,2020-12-30
91,Extreme Greed,,2020-12-29
92,Extreme Greed,,2020-12-28
91,Extreme Greed,,2020-12-27
93,Extreme Greed,,2020-12-26
94,Extreme Greed,,2020-12-25
86,Extreme Greed,,2020-12-24
93,Extreme Greed,,2020-12-23
88,Extreme Greed,,2020-12-22
92,Extreme Greed,,2020-12-21
92,Extreme Greed,,2020-12-20
93,Extreme Greed,,2020-12-19
95,Extreme Greed,,2020-12-18
92,Extreme Greed,,2020-12-17
92,Extreme Greed,,2020-12-16
91,Extreme Greed,,2020-12-15
95,Extreme Greed,,2020-12-14
91,Extreme Greed,,2020-12-13
90,Extreme Greed,,2020-12-12
89,Extreme Greed,,2020-12-11
94,Extreme Greed,,2020-12-10
86,Extreme Greed,,2020-12-09
95,Extreme Greed,,2020-12-08
94,Extreme Greed,,2020-12-07
95,Extreme Greed,,2020-12-06
93,Extreme Greed,,2020-12-05
92,Extreme Greed,,2020-12-04
92,Extreme Greed,,2020-12-03
92,Extreme Greed,,2020-12-02
95,Extreme Greed,,2020-12-01
88,Extreme Greed,,2020-11-30
89,Extreme Greed,,2020-11-29
87,Extreme Greed,,2020-11-28
86,Extreme Greed,,2020-11-27
93,Extreme Greed,,2020-11-26
94,Extreme Greed,,2020-11-25
88,Extreme Greed,,2020-11-24
90,Extreme Greed,,2020-11-23
94,Extreme Greed,,2020-11-22
91,Extreme Greed,,2020-11-21
86,Extreme Greed,,2020-11-20
94,Extreme Greed,,2020-11-19
91,Extreme Greed,,2020-11-18
86,Extreme Greed,,2020-11-17
90,Extreme Greed,,2020-11-16
86,Extreme Greed,,2020-11-15
90,Extreme Greed,,2020-11-14
89,Extreme Greed,,2020-11-13
87,Extreme Greed,,2020-11-12
86,Extreme Greed,,2020-11-11
90,Extreme Greed,,2020-11-10
90,Extreme Greed,,2020-11-09
82,Extreme Greed,,2020-11-08
88,Extreme Greed,,2020-11-07
90,Extreme Greed,,2020-11-06
72,Greed,,2020-11-05
74,Greed,,2020-11-04
71,Greed,,2020-11-03
71,Greed,,2020-11-02
72,Greed,,2020-11-01
73,Greed,,2020-10-31
74,Greed,,2020-10-30
67,Greed,,2020-10-29
70,Greed,,2020-10-28
61,Greed,,2020-10-27
75,Greed,,2020-10-26
76,Extreme Greed,,2020-10-25
73,Greed,,2020-10-24
74,Greed,,2020-10-23
73,Greed,,2020-10-22
61,Greed,,2020-10-21
56,Greed,,2020-10-20
55,Greed,,2020-10-19
55,Greed,,2020-10-18
56,Greed,,2020-10-17
52,Neutral,,2020-10-16
56,Greed,,2020-10-15
53,Neutral,,2020-10-14
56,Greed,,2020-10-13
52,Neutral,,2020-10-12
55,Greed,,2020-10-11
53,Neutral,,2020-10-10
48,Neutral,,2020-10-09
46,Fear,,2020-10-08
43,Fear,,2020-10-07
47,Neutral,,2020-10-06
42,Fear,,2020-10-05
42,Fear,,2020-10-04
40,Fear,,2020-10-03
41,Fear,,2020-10-02
45,Fear,,2020-10-01
49,Neutral,,2020-09-30
45,Fear,,2020-09-29
43,Fear,,2020-09-28
47,Neutral,,2020-09-27
45,Fear,,2020-09-26
46,Fear,,2020-09-25
39,Fear,,2020-09-24
43,Fear,,2020-09-23
39,Fear,,2020-09-22
48,Neutral,,2020-09-21
52,Neutral,,2020-09-20
48,Neutral,,2020-09-19
49,Neutral,,2020-09-18
48,Neutral,,2020-09-17
43,Fear,,2020-09-16
47,Neutral,,2020-09-15
39,Fear,,2020-09-14
38,Fear,,2020-09-13
41,Fear,,2020-09-12
41,Fear,,2020-09-11
38,Fear,,2020-09-10
38,Fear,,2020-09-09
41,Fear,,2020-09-08
41,Fear,,2020-09-07
41,Fear,,2020-09-06
41,Fear,,2020-09-05
40,Fear,,2020-09-04
79,Extreme Greed,,2020-09-03
83,Extreme Greed,,2020-09-02
75,Greed,,2020-09-01
75,Greed,,2020-08-31
75,Greed,,2020-08-30
79,Extreme Greed,,2020-08-29
74,Greed,,2020-08-28
75,Greed,,2020-08-27
76,Extreme Greed,,2020-08-26
75,Greed,,2020-08-25
78,Extreme Greed,,2020-08-24
76,Extreme Greed,,2020-08-23
78,Extreme Greed,,2020-08-22
81,Extreme Greed,,2020-08-21
75,Greed,,2020-08-20
80,Extreme Greed,,2020-08-19
82,Extreme Greed,,2020-08-18
83,Extreme Greed,,2020-08-17
82,Extreme Greed,,2020-08-16
79,Extreme Greed,,2020-08-15
78,Extreme Greed,,2020-08-14
75,Greed,,2020-08-13
75,Greed,,2020-08-12
84,Extreme Greed,,2020-08-11
78,Extreme Greed,,2020-08-10
79,Extreme Greed,,2020-08-09
77,Extreme Greed,,2020-08-08
77,Extreme Greed,,2020-08-07
79,Extreme Greed,,2020-08-06
75,Greed,,2020-08-05
72,Greed,,2020-08-04
75,Greed,,2020-08-03
80,Extreme Greed,,2020-08-02
75,Greed,,2020-08-01
75,Greed,,2020-07-31
76,Extreme Greed,,2020-07-30
71,Greed,,2020-07-29
76,Extreme Greed,,2020-07-28
58,Greed,,2020-07-27
55,Greed,,2020-07-26
55,Greed,,2020-07-25
53,Neutral,,2020-07-24
55,Greed,,2020-07-23
50,Neutral,,2020-07-22
44,Fear,,2020-07-21
44,Fear,,2020-07-20
41,Fear,,2020-07-19
44,Fear,,2020-07-18
41,Fear,,2020-07-17
43,Fear,,2020-07-16
44,Fear,,2020-07-15
43,Fear,,2020-07-14
43,Fear,,2020-07-13
41,Fear,,2020-07-12
44,Fear,,2020-07-11
41,Fear,,2020-07-10
44,Fear,,2020-07-09
44,Fear,,2020-07-08
43,Fear,,2020-07-07
40,Fear,,2020-07-06
38,Fear,,2020-07-05
40,Fear,,2020-07-04
41,Fear,,2020-07-03
42,Fear,,2020-07-02
42,Fear,,2020-07-01
44,Fear,,2020-06-30
41,Fear,,2020-06-29
40,Fear,,2020-06-28
43,Fear,,2020-06-27
40,Fear,,2020-06-26
43,Fear,,2020-06-25
50,Neutral,,2020-06-24
41,Fear,,2020-06-23
38,Fear,,2020-06-22
37,Fear,,2020-06-21
38,Fear,,2020-06-20
39,Fear,,2020-06-19
40,Fear,,2020-06-18
38,Fear,,2020-06-17
39,Fear,,2020-06-16
37,Fear,,2020-06-15
40,Fear,,2020-06-14
38,Fear,,2020-06-13
38,Fear,,2020-06-12
52,Neutral,,2020-06-11
54,Neutral,,2020-06-10
52,Neutral,,2020-06-09
53,Neutral,,2020-06-08
54,Neutral,,2020-06-07
54,Neutral,,2020-06-06
53,Neutral,,2020-06-05
54,Neutral,,2020-06-04
48,Neutral,,2020-06-03
56,Greed,,2020-06-02
50,Neutral,,2020-06-01
51,Neutral,,2020-05-31
48,Neutral,,2020-05-30
48,Neutral,,2020-05-29
41,Fear,,2020-05-28
39,Fear,,2020-05-27
39,Fear,,2020-05-26
41,Fear,,2020-05-25
43,Fear,,2020-05-24
40,Fear,,2020-05-23
42,Fear,,2020-05-22
49,Neutral,,2020-05-21
52,Neutral,,2020-05-20
50,Neutral,,2020-05-19
50,Neutral,,2020-05-18
40,Fear,,2020-05-17
41,Fear,,2020-05-16
44,Fear,,2020-05-15
40,Fear,,2020-05-14
41,Fear,,2020-05-13
39,Fear,,2020-05-12
40,Fear,,2020-05-11
48,Neutral,,2020-05-10
56,Greed,,2020-05-09
55,Greed,,2020-05-08
49,Neutral,,2020-05-07
42,Fear,,2020-05-06
40,Fear,,2020-05-05
44,Fear,,2020-05-04
45,Fear,,2020-05-03
40,Fear,,2020-05-02
40,Fear,,2020-05-01
44,Fear,,2020-04-30
26,Fear,,2020-04-29
26,Fear,,2020-04-28
28,Fear,,2020-04-27
21,Extreme Fear,,2020-04-26
24,Extreme Fear,,2020-04-25
20,Extreme Fear,,2020-04-24
19,Extreme Fear,,2020-04-23
19,Extreme Fear,,2020-04-22
17,Extreme Fear,,2020-04-21
15,Extreme Fear,,2020-04-20
16,Extreme Fear,,2020-04-19
18,Extreme Fear,,2020-04-18
15,Extreme Fear,,2020-04-17
13,Extreme Fear,,2020-04-16
18,Extreme Fear,,2020-04-15
15,Extreme Fear,,2020-04-14
11,Extreme Fear,,2020-04-13
10,Extreme Fear,,2020-04-12
15,Extreme Fear,,2020-04-11
15,Extreme Fear,,2020-04-10
22,Extreme Fear,,2020-04-09
21,Extreme Fear,,2020-04-08
20,Extreme Fear,,2020-04-07
12,Extreme Fear,,2020-04-06
12,Extreme Fear,,2020-04-05
12,Extreme Fear,,2020-04-04
14,Extreme Fear,,2020-04-03
14,Extreme Fear,,2020-04-02
12,Extreme Fear,,2020-04-01
12,Extreme Fear,,2020-03-31
10,Extreme Fear,,2020-03-30
12,Extreme Fear,,2020-03-29
8,Extreme Fear,,2020-03-28
12,Extreme Fear,,2020-03-27
14,Extreme Fear,,2020-03-26
13,Extreme Fear,,2020-03-25
12,Extreme Fear,,2020-03-24
10,Extreme Fear,,2020-03-23
11,Extreme Fear,,2020-03-22
9,Extreme Fear,,2020-03-21
9,Extreme Fear,,2020-03-20
12,Extreme Fear,,2020-03-19
11,Extreme Fear,,2020-03-18
8,Extreme Fear,,2020-03-17
9,Extreme Fear,,2020-03-16
12,Extreme Fear,,2020-03-15
8,Extreme Fear,,2020-03-14
10,Extreme Fear,,2020-03-13
14,Extreme Fear,,2020-03-12
17,Extreme Fear,,2020-03-11
16,Extreme Fear,,2020-03-10
17,Extreme Fear,,2020-03-09
33,Fear,,2020-03-08
38,Fear,,2020-03-07
39,Fear,,2020-03-06
41,Fear,,2020-03-05
40,Fear,,2020-03-04
38,Fear,,2020-03-03
38,Fear,,2020-03-02
39,Fear,,2020-03-01
38,Fear,,2020-02-29
40,Fear,,2020-02-28
39,Fear,,2020-02-27
41,Fear,,2020-02-26
44,Fear,,2020-02-25
46,Fear,,2020-02-24
46,Fear,,2020-02-23
43,Fear,,2020-02-22
44,Fear,,2020-02-21
44,Fear,,2020-02-20
50,Neutral,,2020-02-19
53,Neutral,,2020-02-18
49,Neutral,,2020-02-17
59,Greed,,2020-02-16
64,Greed,,2020-02-15
63,Greed,,2020-02-14
65,Greed,,2020-02-13
61,Greed,,2020-02-12
52,Neutral,,2020-02-11
57,Greed,,2020-02-10
56,Greed,,2020-02-09
56,Greed,,2020-02-08
56,Greed,,2020-02-07
61,Greed,,2020-02-06
53,Neutral,,2020-02-05
56,Greed,,2020-02-04
59,Greed,,2020-02-03
57,Greed,,2020-02-02
57,Greed,,2020-02-01
55,Greed,,2020-01-31
57,Greed,,2020-01-30
57,Greed,,2020-01-29
54,Neutral,,2020-01-28
50,Neutral,,2020-01-27
42,Fear,,2020-01-26
41,Fear,,2020-01-25
40,Fear,,2020-01-24
49,Neutral,,2020-01-23
52,Neutral,,2020-01-22
49,Neutral,,2020-01-21
48,Neutral,,2020-01-20
53,Neutral,,2020-01-19
51,Neutral,,2020-01-18
54,Neutral,,2020-01-17
55,Greed,,2020-01-16
54,Neutral,,2020-01-15
56,Greed,,2020-01-14
49,Neutral,,2020-01-13
45,Fear,,2020-01-12
50,Neutral,,2020-01-11
41,Fear,,2020-01-10
44,Fear,,2020-01-09
51,Neutral,,2020-01-08
40,Fear,,2020-01-07
41,Fear,,2020-01-06
39,Fear,,2020-01-05
38,Fear,,2020-01-04
38,Fear,,2020-01-03
39,Fear,,2020-01-02
37,Fear,,2020-01-01
38,Fear,,2019-12-31
40,Fear,,2019-12-30
37,Fear,,2019-12-29
37,Fear,,2019-12-28
38,Fear,,2019-12-27
39,Fear,,2019-12-26
22,Extreme Fear,,2019-12-25
25,Extreme Fear,,2019-12-24
33,Fear,,2019-12-23
20,Extreme Fear,,2019-12-22
23,Extreme Fear,,2019-12-21
23,Extreme Fear,,2019-12-20
21,Extreme Fear,,2019-12-19
15,Extreme Fear,,2019-12-18
23,Extreme Fear,,2019-12-17
24,Extreme Fear,,2019-12-16
21,Extreme Fear,,2019-12-15
27,Fear,,2019-12-14
22,Extreme Fear,,2019-12-13
23,Extreme Fear,,2019-12-12
20,Extreme Fear,,2019-12-11
26,Fear,,2019-12-10
32,Fear,,2019-12-09
28,Fear,,2019-12-08
32,Fear,,2019-12-07
29,Fear,,2019-12-06
21,Extreme Fear,,2019-12-05
24,Extreme Fear,,2019-12-04
28,Fear,,2019-12-03
28,Fear,,2019-12-02
25,Extreme Fear,,2019-12-01
38,Fear,,2019-11-30
31,Fear,,2019-11-29
32,Fear,,2019-11-28
20,Extreme Fear,,2019-11-27
21,Extreme Fear,,2019-11-26
17,Extreme Fear,,2019-11-25
21,Extreme Fear,,2019-11-24
23,Extreme Fear,,2019-11-23
20,Extreme Fear,,2019-11-22
30,Fear,,2019-11-21
32,Fear,,2019-11-20
32,Fear,,2019-11-19
38,Fear,,2019-11-18
38,Fear,,2019-11-17
41,Fear,,2019-11-16
38,Fear,,2019-11-15
41,Fear,,2019-11-14
38,Fear,,2019-11-13
39,Fear,,2019-11-12
40,Fear,,2019-11-11
39,Fear,,2019-11-10
38,Fear,,2019-11-09
42,Fear,,2019-11-08
54,Neutral,,2019-11-07
53,Neutral,,2019-11-06
54,Neutral,,2019-11-05
49,Neutral,,2019-11-04
56,Greed,,2019-11-03
51,Neutral,,2019-11-02
49,Neutral,,2019-11-01
50,Neutral,,2019-10-31
53,Neutral,,2019-10-30
54,Neutral,,2019-10-29
52,Neutral,,2019-10-28
50,Neutral,,2019-10-27
53,Neutral,,2019-10-26
24,Extreme Fear,,2019-10-25
20,Extreme Fear,,2019-10-24
33,Fear,,2019-10-23
39,Fear,,2019-10-22
37,Fear,,2019-10-21
37,Fear,,2019-10-20
41,Fear,,2019-10-19
40,Fear,,2019-10-18
40,Fear,,2019-10-17
40,Fear,,2019-10-16
39,Fear,,2019-10-15
37,Fear,,2019-10-14
38,Fear,,2019-10-13
38,Fear,,2019-10-12
39,Fear,,2019-10-11
41,Fear,,2019-10-10
37,Fear,,2019-10-09
39,Fear,,2019-10-08
27,Fear,,2019-10-07
32,Fear,,2019-10-06
31,Fear,,2019-10-05
30,Fear,,2019-10-04
37,Fear,,2019-10-03
39,Fear,,2019-10-02
38,Fear,,2019-10-01
27,Fear,,2019-09-30
33,Fear,,2019-09-29
32,Fear,,2019-09-28
24,Extreme Fear,,2019-09-27
12,Extreme Fear,,2019-09-26
15,Extreme Fear,,2019-09-25
39,Fear,,2019-09-24
41,Fear,,2019-09-23
37,Fear,,2019-09-22
37,Fear,,2019-09-21
41,Fear,,2019-09-20
31,Fear,,2019-09-19
38,Fear,,2019-09-18
41,Fear,,2019-09-17
38,Fear,,2019-09-16
38,Fear,,2019-09-15
39,Fear,,2019-09-14
38,Fear,,2019-09-13
39,Fear,,2019-09-12
38,Fear,,2019-09-11
41,Fear,,2019-09-10
41,Fear,,2019-09-09
43,Fear,,2019-09-08
39,Fear,,2019-09-07
43,Fear,,2019-09-06
41,Fear,,2019-09-05
43,Fear,,2019-09-04
41,Fear,,2019-09-03
28,Fear,,2019-09-02
24,Extreme Fear,,2019-09-01
20,Extreme Fear,,2019-08-31
24,Extreme Fear,,2019-08-30
20,Extreme Fear,,2019-08-29
32,Fear,,2019-08-28
30,Fear,,2019-08-27
41,Fear,,2019-08-26
33,Fear,,2019-08-25
39,Fear,,2019-08-24
33,Fear,,2019-08-23
5,Extreme Fear,,2019-08-22
11,Extreme Fear,,2019-08-21
39,Fear,,2019-08-20
30,Fear,,2019-08-19
14,Extreme Fear,,2019-08-18
20,Extreme Fear,,2019-08-17
31,Fear,,2019-08-16
13,Extreme Fear,,2019-08-15
11,Extreme Fear,,2019-08-14
45,Fear,,2019-08-13
48,Neutral,,2019-08-12
45,Fear,,2019-08-11
59,Greed,,2019-08-10
60,Greed,,2019-08-09
61,Greed,,2019-08-08
45,Fear,,2019-08-07
66,Greed,,2019-08-06
64,Greed,,2019-08-05
62,Greed,,2019-08-04
61,Greed,,2019-08-03
61,Greed,,2019-08-02
57,Greed,,2019-08-01
31,Fear,,2019-07-31
22,Extreme Fear,,2019-07-30
19,Extreme Fear,,2019-07-29
16,Extreme Fear,,2019-07-28
47,Neutral,,2019-07-27
24,Extreme Fear,,2019-07-26
42,Fear,,2019-07-25
20,Extreme Fear,,2019-07-24
40,Fear,,2019-07-23
42,Fear,,2019-07-22
42,Fear,,2019-07-21
34,Fear,,2019-07-20
42,Fear,,2019-07-19
40,Fear,,2019-07-18
19,Extreme Fear,,2019-07-17
34,Fear,,2019-07-16
16,Extreme Fear,,2019-07-15
61,Greed,,2019-07-14
65,Greed,,2019-07-13
33,Fear,,2019-07-12
62,Greed,,2019-07-11
83,Extreme Greed,,2019-07-10
84,Extreme Greed,,2019-07-09
74,Greed,,2019-07-08
67,Greed,,2019-07-07
72,Greed,,2019-07-06
67,Greed,,2019-07-05
76,Extreme Greed,,2019-07-04
79,Extreme Greed,,2019-07-03
63,Greed,,2019-07-02
65,Greed,,2019-07-01
78,Extreme Greed,,2019-06-30
74,Greed,,2019-06-29
62,Greed,,2019-06-28
92,Extreme Greed,,2019-06-27
95,Extreme Greed,,2019-06-26
87,Extreme Greed,,2019-06-25
80,Extreme Greed,,2019-06-24
84,Extreme Greed,,2019-06-23
83,Extreme Greed,,2019-06-22
84,Extreme Greed,,2019-06-21
81,Extreme Greed,,2019-06-20
82,Extreme Greed,,2019-06-19
83,Extreme Greed,,2019-06-18
84,Extreme Greed,,2019-06-17
80,Extreme Greed,,2019-06-16
75,Greed,,2019-06-15
67,Greed,,2019-06-14
63,Greed,,2019-06-13
60,Greed,,2019-06-12
61,Greed,,2019-06-11
46,Fear,,2019-06-10
62,Greed,,2019-06-09
62,Greed,,2019-06-08
27,Fear,,2019-06-07
34,Fear,,2019-06-06
27,Fear,,2019-06-05
42,Fear,,2019-06-04
66,Greed,,2019-06-03
63,Greed,,2019-06-02
62,Greed,,2019-06-01
61,Greed,,2019-05-31
73,Greed,,2019-05-30
71,Greed,,2019-05-29
71,Greed,,2019-05-28
70,Greed,,2019-05-27
67,Greed,,2019-05-26
69,Greed,,2019-05-25
64,Greed,,2019-05-24
65,Greed,,2019-05-23
69,Greed,,2019-05-22
68,Greed,,2019-05-21
73,Greed,,2019-05-20
70,Greed,,2019-05-19
67,Greed,,2019-05-18
65,Greed,,2019-05-17
75,Greed,,2019-05-16
77,Extreme Greed,,2019-05-15
78,Extreme Greed,,2019-05-14
78,Extreme Greed,,2019-05-13
75,Greed,,2019-05-12
76,Extreme Greed,,2019-05-11
71,Greed,,2019-05-10
69,Greed,,2019-05-09
63,Greed,,2019-05-08
69,Greed,,2019-05-07
57,Greed,,2019-05-06
67,Greed,,2019-05-05
66,Greed,,2019-05-04
63,Greed,,2019-05-03
50,Neutral,,2019-05-02
51,Neutral,,2019-05-01
42,Fear,,2019-04-30
42,Fear,,2019-04-29
40,Fear,,2019-04-28
42,Fear,,2019-04-27
41,Fear,,2019-04-26
58,Greed,,2019-04-25
65,Greed,,2019-04-24
68,Greed,,2019-04-23
61,Greed,,2019-04-22
62,Greed,,2019-04-21
62,Greed,,2019-04-20
61,Greed,,2019-04-19
64,Greed,,2019-04-18
61,Greed,,2019-04-17
50,Neutral,,2019-04-16
60,Greed,,2019-04-15
51,Neutral,,2019-04-14
62,Greed,,2019-04-13
42,Fear,,2019-04-12
65,Greed,,2019-04-11
62,Greed,,2019-04-10
64,Greed,,2019-04-09
65,Greed,,2019-04-08
69,Greed,,2019-04-07
65,Greed,,2019-04-06
59,Greed,,2019-04-05
61,Greed,,2019-04-04
71,Greed,,2019-04-03
60,Greed,,2019-04-02
62,Greed,,2019-04-01
56,Greed,,2019-03-31
57,Greed,,2019-03-30
50,Neutral,,2019-03-29
49,Neutral,,2019-03-28
44,Fear,,2019-03-27
43,Fear,,2019-03-26
46,Fear,,2019-03-25
44,Fear,,2019-03-24
50,Neutral,,2019-03-23
56,Greed,,2019-03-22
62,Greed,,2019-03-21
55,Greed,,2019-03-20
56,Greed,,2019-03-19
56,Greed,,2019-03-18
58,Greed,,2019-03-17
54,Neutral,,2019-03-16
55,Greed,,2019-03-15
55,Greed,,2019-03-14
54,Neutral,,2019-03-13
56,Greed,,2019-03-12
56,Greed,,2019-03-11
55,Greed,,2019-03-10
55,Greed,,2019-03-09
54,Neutral,,2019-03-08
56,Greed,,2019-03-07
42,Fear,,2019-03-06
35,Fear,,2019-03-05
36,Fear,,2019-03-04
44,Fear,,2019-03-03
41,Fear,,2019-03-02
42,Fear,,2019-03-01
39,Fear,,2019-02-28
39,Fear,,2019-02-27
40,Fear,,2019-02-26
47,Neutral,,2019-02-25
69,Greed,,2019-02-24
63,Greed,,2019-02-23
61,Greed,,2019-02-22
59,Greed,,2019-02-21
59,Greed,,2019-02-20
65,Greed,,2019-02-19
63,Greed,,2019-02-18
38,Fear,,2019-02-17
43,Fear,,2019-02-16
43,Fear,,2019-02-15
48,Neutral,,2019-02-14
48,Neutral,,2019-02-13
38,Fear,,2019-02-12
46,Fear,,2019-02-11
40,Fear,,2019-02-10
42,Fear,,2019-02-09
37,Fear,,2019-02-08
18,Extreme Fear,,2019-02-07
14,Extreme Fear,,2019-02-06
21,Extreme Fear,,2019-02-05
27,Fear,,2019-02-04
19,Extreme Fear,,2019-02-03
22,Extreme Fear,,2019-02-02
23,Extreme Fear,,2019-02-01
17,Extreme Fear,,2019-01-31
22,Extreme Fear,,2019-01-30
21,Extreme Fear,,2019-01-29
35,Fear,,2019-01-28
39,Fear,,2019-01-27
41,Fear,,2019-01-26
35,Fear,,2019-01-25
37,Fear,,2019-01-24
33,Fear,,2019-01-23
27,Fear,,2019-01-22
30,Fear,,2019-01-21
35,Fear,,2019-01-20
31,Fear,,2019-01-19
29,Fear,,2019-01-18
28,Fear,,2019-01-17
24,Extreme Fear,,2019-01-16
27,Fear,,2019-01-15
16,Extreme Fear,,2019-01-14
21,Extreme Fear,,2019-01-13
22,Extreme Fear,,2019-01-12
19,Extreme Fear,,2019-01-11
37,Fear,,2019-01-10
42,Fear,,2019-01-09
39,Fear,,2019-01-08
39,Fear,,2019-01-07
31,Fear,,2019-01-06
36,Fear,,2019-01-05
48,Neutral,,2019-01-04
33,Fear,,2019-01-03
30,Fear,,2019-01-02
24,Extreme Fear,,2019-01-01
26,Fear,,2018-12-31
23,Extreme Fear,,2018-12-30
24,Extreme Fear,,2018-12-29
21,Extreme Fear,,2018-12-28
29,Fear,,2018-12-27
26,Fear,,2018-12-26
33,Fear,,2018-12-25
25,Extreme Fear,,2018-12-24
31,Fear,,2018-12-23
28,Fear,,2018-12-22
35,Fear,,2018-12-21
27,Fear,,2018-12-20
21,Extreme Fear,,2018-12-19
23,Extreme Fear,,2018-12-18
17,Extreme Fear,,2018-12-17
13,Extreme Fear,,2018-12-16
11,Extreme Fear,,2018-12-15
10,Extreme Fear,,2018-12-14
14,Extreme Fear,,2018-12-13
14,Extreme Fear,,2018-12-12
15,Extreme Fear,,2018-12-11
19,Extreme Fear,,2018-12-10
14,Extreme Fear,,2018-12-09
11,Extreme Fear,,2018-12-08
11,Extreme Fear,,2018-12-07
13,Extreme Fear,,2018-12-06
19,Extreme Fear,,2018-12-05
12,Extreme Fear,,2018-12-04
17,Extreme Fear,,2018-12-03
15,Extreme Fear,,2018-12-02
13,Extreme Fear,,2018-12-01
19,Extreme Fear,,2018-11-30
18,Extreme Fear,,2018-11-29
14,Extreme Fear,,2018-11-28
11,Extreme Fear,,2018-11-27
17,Extreme Fear,,2018-11-26
9,Extreme Fear,,2018-11-25
15,Extreme Fear,,2018-11-24
12,Extreme Fear,,2018-11-23
14,Extreme Fear,,2018-11-22
15,Extreme Fear,,2018-11-21
21,Extreme Fear,,2018-11-20
28,Fear,,2018-11-19
26,Fear,,2018-11-18
24,Extreme Fear,,2018-11-17
23,Extreme Fear,,2018-11-16
28,Fear,,2018-11-15
49,Neutral,,2018-11-14
56,Greed,,2018-11-13
52,Neutral,,2018-11-12
54,Neutral,,2018-11-11
52,Neutral,,2018-11-10
47,Neutral,,2018-11-09
51,Neutral,,2018-11-08
48,Neutral,,2018-11-07
42,Fear,,2018-11-06
42,Fear,,2018-11-05
41,Fear,,2018-11-04
36,Fear,,2018-11-03
36,Fear,,2018-11-02
29,Fear,,2018-11-01
32,Fear,,2018-10-31
31,Fear,,2018-10-30
34,Fear,,2018-10-29
35,Fear,,2018-10-28
33,Fear,,2018-10-27
29,Fear,,2018-10-26
25,Extreme Fear,,2018-10-25
23,Extreme Fear,,2018-10-24
24,Extreme Fear,,2018-10-23
27,Fear,,2018-10-22
21,Extreme Fear,,2018-10-21
21,Extreme Fear,,2018-10-20
24,Extreme Fear,,2018-10-19
26,Fear,,2018-10-18
23,Extreme Fear,,2018-10-17
24,Extreme Fear,,2018-10-16
20,Extreme Fear,,2018-10-15
18,Extreme Fear,,2018-10-14
15,Extreme Fear,,2018-10-13
13,Extreme Fear,,2018-10-12
19,Extreme Fear,,2018-10-11
28,Fear,,2018-10-10
31,Fear,,2018-10-09
26,Fear,,2018-10-08
29,Fear,,2018-10-07
34,Fear,,2018-10-06
37,Fear,,2018-10-05
29,Fear,,2018-10-04
36,Fear,,2018-10-03
33,Fear,,2018-10-02
35,Fear,,2018-10-01
34,Fear,,2018-09-30
37,Fear,,2018-09-29
42,Fear,,2018-09-28
42,Fear,,2018-09-27
37,Fear,,2018-09-26
37,Fear,,2018-09-25
43,Fear,,2018-09-24
38,Fear,,2018-09-23
35,Fear,,2018-09-22
31,Fear,,2018-09-21
24,Extreme Fear,,2018-09-20
24,Extreme Fear,,2018-09-19
21,Extreme Fear,,2018-09-18
25,Extreme Fear,,2018-09-17
28,Fear,,2018-09-16
24,Extreme Fear,,2018-09-15
23,Extreme Fear,,2018-09-14
20,Extreme Fear,,2018-09-13
14,Extreme Fear,,2018-09-12
18,Extreme Fear,,2018-09-11
15,Extreme Fear,,2018-09-10
13,Extreme Fear,,2018-09-09
18,Extreme Fear,,2018-09-08
17,Extreme Fear,,2018-09-07
14,Extreme Fear,,2018-09-06
17,Extreme Fear,,2018-09-05
26,Fear,,2018-09-04
19,Extreme Fear,,2018-09-03
18,Extreme Fear,,2018-09-02
21,Extreme Fear,,2018-09-01
17,Extreme Fear,,2018-08-31
22,Extreme Fear,,2018-08-30
19,Extreme Fear,,2018-08-29
19,Extreme Fear,,2018-08-28
18,Extreme Fear,,2018-08-27
19,Extreme Fear,,2018-08-26
22,Extreme Fear,,2018-08-25
19,Extreme Fear,,2018-08-24
18,Extreme Fear,,2018-08-23
21,Extreme Fear,,2018-08-22
19,Extreme Fear,,2018-08-21
26,Fear,,2018-08-20
27,Fear,,2018-08-19
24,Extreme Fear,,2018-08-18
19,Extreme Fear,,2018-08-17
21,Extreme Fear,,2018-08-16
18,Extreme Fear,,2018-08-15
16,Extreme Fear,,2018-08-14
21,Extreme Fear,,2018-08-13
18,Extreme Fear,,2018-08-12
18,Extreme Fear,,2018-08-11
21,Extreme Fear,,2018-08-10
19,Extreme Fear,,2018-08-09
23,Extreme Fear,,2018-08-08
25,Extreme Fear,,2018-08-07
25,Extreme Fear,,2018-08-06
23,Extreme Fear,,2018-08-05
31,Fear,,2018-08-04
36,Fear,,2018-08-03
39,Fear,,2018-08-02
39,Fear,,2018-08-01
48,Neutral,,2018-07-31
53,Neutral,,2018-07-30
54,Neutral,,2018-07-29
54,Neutral,,2018-07-28
47,Neutral,,2018-07-27
53,Neutral,,2018-07-26
54,Neutral,,2018-07-25
49,Neutral,,2018-07-24
44,Fear,,2018-07-23
46,Fear,,2018-07-22
43,Fear,,2018-07-21
47,Neutral,,2018-07-20
44,Fear,,2018-07-19
42,Fear,,2018-07-18
39,Fear,,2018-07-17
36,Fear,,2018-07-16
32,Fear,,2018-07-15
29,Fear,,2018-07-14
29,Fear,,2018-07-13
33,Fear,,2018-07-12
29,Fear,,2018-07-11
37,Fear,,2018-07-10
39,Fear,,2018-07-09
38,Fear,,2018-07-08
34,Fear,,2018-07-07
34,Fear,,2018-07-06
37,Fear,,2018-07-05
33,Fear,,2018-07-04
31,Fear,,2018-07-03
27,Fear,,2018-07-02
27,Fear,,2018-07-01
22,Extreme Fear,,2018-06-30
16,Extreme Fear,,2018-06-29
20,Extreme Fear,,2018-06-28
18,Extreme Fear,,2018-06-27
21,Extreme Fear,,2018-06-26
16,Extreme Fear,,2018-06-25
15,Extreme Fear,,2018-06-24
17,Extreme Fear,,2018-06-23
28,Fear,,2018-06-22
37,Fear,,2018-06-21
34,Fear,,2018-06-20
32,Fear,,2018-06-19
27,Fear,,2018-06-18
23,Extreme Fear,,2018-06-17
22,Extreme Fear,,2018-06-16
26,Fear,,2018-06-15
17,Extreme Fear,,2018-06-14
19,Extreme Fear,,2018-06-13
19,Extreme Fear,,2018-06-12
15,Extreme Fear,,2018-06-11
24,Extreme Fear,,2018-06-10
39,Fear,,2018-06-09
40,Fear,,2018-06-08
38,Fear,,2018-06-07
42,Fear,,2018-06-06
26,Fear,,2018-06-05
41,Fear,,2018-06-04
40,Fear,,2018-06-03
27,Fear,,2018-06-02
24,Extreme Fear,,2018-06-01
25,Extreme Fear,,2018-05-31
38,Fear,,2018-05-30
16,Extreme Fear,,2018-05-29
22,Extreme Fear,,2018-05-28
19,Extreme Fear,,2018-05-27
23,Extreme Fear,,2018-05-26
25,Extreme Fear,,2018-05-25
27,Fear,,2018-05-24
26,Fear,,2018-05-23
30,Fear,,2018-05-22
41,Fear,,2018-05-21
32,Fear,,2018-05-20
31,Fear,,2018-05-19
37,Fear,,2018-05-18
31,Fear,,2018-05-17
32,Fear,,2018-05-16
40,Fear,,2018-05-15
40,Fear,,2018-05-14
40,Fear,,2018-05-13
44,Fear,,2018-05-12
41,Fear,,2018-05-11
63,Greed,,2018-05-10
53,Neutral,,2018-05-09
62,Greed,,2018-05-08
56,Greed,,2018-05-07
67,Greed,,2018-05-06
63,Greed,,2018-05-05
56,Greed,,2018-05-04
55,Greed,,2018-05-03
52,Neutral,,2018-05-02
56,Greed,,2018-05-01
59,Greed,,2018-04-30
61,Greed,,2018-04-29
54,Neutral,,2018-04-28
55,Greed,,2018-04-27
47,Neutral,,2018-04-26
64,Greed,,2018-04-25
29,Fear,,2018-04-24
28,Fear,,2018-04-23
31,Fear,,2018-04-22
32,Fear,,2018-04-21
26,Fear,,2018-04-20
25,Extreme Fear,,2018-04-19
24,Extreme Fear,,2018-04-18
26,Fear,,2018-04-17
23,Extreme Fear,,2018-04-13
18,Extreme Fear,,2018-04-12
20,Extreme Fear,,2018-04-11
18,Extreme Fear,,2018-04-10
21,Extreme Fear,,2018-04-09
17,Extreme Fear,,2018-04-08
20,Extreme Fear,,2018-04-07
19,Extreme Fear,,2018-04-06
17,Extreme Fear,,2018-04-05
22,Extreme Fear,,2018-04-04
22,Extreme Fear,,2018-04-03
11,Extreme Fear,,2018-04-02
16,Extreme Fear,,2018-04-01
16,Extreme Fear,,2018-03-31
12,Extreme Fear,,2018-03-30
18,Extreme Fear,,2018-03-29
24,Extreme Fear,,2018-03-28
24,Extreme Fear,,2018-03-27
31,Fear,,2018-03-26
30,Fear,,2018-03-25
32,Fear,,2018-03-24
28,Fear,,2018-03-23
36,Fear,,2018-03-22
36,Fear,,2018-03-21
37,Fear,,2018-03-20
29,Fear,,2018-03-19
29,Fear,,2018-03-18
31,Fear,,2018-03-17
33,Fear,,2018-03-16
32,Fear,,2018-03-15
40,Fear,,2018-03-14
41,Fear,,2018-03-13
41,Fear,,2018-03-12
40,Fear,,2018-03-11
39,Fear,,2018-03-10
37,Fear,,2018-03-09
39,Fear,,2018-03-08
37,Fear,,2018-03-07
59,Greed,,2018-03-06
55,Greed,,2018-03-05
44,Fear,,2018-03-04
56,Greed,,2018-03-03
47,Neutral,,2018-03-02
38,Fear,,2018-03-01
41,Fear,,2018-02-28
44,Fear,,2018-02-27
37,Fear,,2018-02-26
33,Fear,,2018-02-25
31,Fear,,2018-02-24
39,Fear,,2018-02-23
44,Fear,,2018-02-22
54,Neutral,,2018-02-21
74,Greed,,2018-02-20
67,Greed,,2018-02-19
63,Greed,,2018-02-18
74,Greed,,2018-02-17
67,Greed,,2018-02-16
71,Greed,,2018-02-15
55,Greed,,2018-02-14
35,Fear,,2018-02-13
42,Fear,,2018-02-12
31,Fear,,2018-02-11
54,Neutral,,2018-02-10
44,Fear,,2018-02-09
30,Fear,,2018-02-08
36,Fear,,2018-02-07
8,Extreme Fear,,2018-02-06
11,Extreme Fear,,2018-02-05
24,Extreme Fear,,2018-02-04
40,Fear,,2018-02-03
15,Extreme Fear,,2018-02-02
30,Fear,,2018-02-01
